,0,title,subreddit
t3_9abkdq,,"John McCain, War Hero, Senator, Presidential Contender, Dies at 81",1
t3_9b99kz,,Martha McSally wins GOP nomination for Arizona‚Äôs US Senate seat,1
t3_9bcm5x,,WV State Police seize $10K from couple without charging them with a crime,1
t3_9b0480,,"Student Who Snatched Classmate‚Äôs MAGA Hat Facing Battery Charges, Says She Was Only Making Political Statement",1
t3_9baibi,,Socialism vs. Trump after Massive Turnout in Florida‚Äôs Tuesday Primary,1
t3_9bae8x,,Capitalism &amp;amp; Classical Liberalism: Community Thrives in the Marketplace,1
t3_9bacfo,,How the U.S.-Mexico Pact Could Turn Tables on China.,1
t3_9bdsod,,"Activist Tries to Bash Trump with New Billboard, New Jersey Town Strikes Back",1
t3_9bd066,,The plot thickens on naming McCain‚Äôs successor,1
t3_9bcoze,,"As a Democrat whose family escaped socialism, Ocasio-Cortez worries me",1
t3_9b9z76,,CNN‚Äôs Don Lemon Defends ANTIFA After Trump Says Group May Be Violent After Midterms: 'No Organization Is Perfect',1
t3_9awx9l,,CNN 'Stands By' Refuted Report On Trump Tower,1
t3_9b6mzu,,"Facebook blocks ad for upcoming Diamond and Silk 'Dummycrats' movie ridiculing Pelosi, Waters",1
t3_9b6mn7,,3 Problems With NYT Story About How FBI's Trump Informant Was Outed,1
t3_9b54vu,,The School Shootings That Weren't. NPR investigates shootings that were over reported.,1
t3_9b9ias,,N.C. Republicans warn of ‚Äòunmitigated chaos‚Äô after judges strike down House district maps,1
t3_9b4n28,,"No, adding a few more Republicans to the Senate will not change the equation",1
t3_9b900v,,‚ÄúWe can‚Äôt leave this general on the battlefield‚Äù ‚Äì Mark Levin raises money for Mike Flynn,1
t3_9b4347,,Court ruling against North Carolina districts could leave House control in limbo until 2019,1
t3_9aoe39,,Survey Finds Black Business Ownership in the U.S. Jumped 400% in One Year,1
t3_9b2snp,,"Clinton Private Email Server Hacked by Chinese Firm, According to Report - One America News Network",1
t3_9atfbl,,Axios: House Republicans Circulating 'Hell' List of Possible Investigations Democrats May Initiate if They Take Over,1
t3_9arjc8,,READ: John McCain's Farewell Letter (Full Transcript),1
t3_9ah5li,,Black Pastor: Trump ‚ÄòProbably Going to Be‚Ä¶ Most Pro-Black President That We‚Äôve Had in Our Lifetime‚Äô,1
t3_9auuy9,,Key Russian Collusion Found By Pentagon Whistleblower,1
t3_9arwrr,,The Silence On A Potential Chinese Spy In Feinstein's Office Is Deafening,1
t3_9armnk,,Rand Paul raises the question: Are Senate Republicans really pro-life?,1
t3_9aw9om,,What Do I Think About Donald Trump?,1
t3_9aliqg,,NBC/WSJ poll: Trump approval 'remarkably stable' after a stormy week of bad news,1
t3_9aeph3,,Socialists are disgusting,1
t3_9as30h,,California‚Äôs Slow Decline Into The Abyss of Venezuela,1
t3_9aqgyp,,"While homicide may be a tragic fact of life, every homicide perpetrated by an illegal alien is one that could easily have been avoided simply by enforcing existing immigration laws. Americans should not lose sight of that bigger picture.",1
t3_9abk6o,,US Senator John McCain dies aged 81,1
t3_9arrh8,,The Left Still Doesn‚Äôt Know Why It‚Äôs Losing,1
t3_9aixvo,,Reports of the death of the GOP congressional majorities are greatly exaggerated,1
t3_9airik,,John McCain: Who are the likely contenders for his Senate seat?,1
t3_9al4m4,,The Pope knew about this and covered it up!,1
t3_9airfr,,John McCain Senate seat won't be filled until after funeral,1
t3_9ab1im,,The Switch That Never Happened: How the South Really Went GOP,1
t3_9ad8c6,,"Peter Strzok Personally Hand-Picked the 3,000 Emails to be Examined From Weiner Laptop",1
t3_9abl2i,,Sen. John McCain dead at 81,1
t3_9acujw,,Pentagon Whistleblower Claims DoD Official Awarded Investigators Of His Case With Military Medals,1
t3_9a5mv3,,"Troy Balderson Certified Winner in Ohio Special Election, Holding Seat for GOP",1
t3_9ab9ie,,Volunteers found Iran‚Äôs propaganda effort on Reddit ‚Äî but their warnings were ignored,1
t3_9a3kct,,Dallas Morning News attacks Conservative Black Police Officer who sued BLM,1
t3_9a9ptl,,"WATCH: Jihadi calmly goes on stabbing spree in UK hospital, sending patients and staff running for their lives, in ""an apparently motiveless attack""",1
t3_99zfzl,,Why do we keep calling illegal immigrants 'undocumented' in Mollie Tibbetts murder and other crimes?,1
t3_99x5e8,,Facebook apparently identifying posts with conservative content as spam,1
t3_9a7wxr,"Background:  Julia Salazar is running NY state senate. She is a democratic socialist. She said she is an Immigrant on her website, but she was born in USA.
Later she changed the website.
https://twitter.com/redsteeze/status/1033211604630994945


It does not stop there. She responded to it.


From Julia,
&gt; Hi Stephen. I do not personally manage my website. I explained in my statement yesterday that a staffer who wrote the language in one platform page (written in first-person) mistakenly said this. I asked that it be corrected as soon as I was alerted to it yesterday morning.

https://twitter.com/JuliaCarmel__/status/1033376472529031168



The problem is there is a video of her saying she is an immigrant.

More campaigning on your ""identity"" as an ""immigrant.""
""I immigrated to this country with my family when I was very little. In Colombia, my mom raised me as a single mother..."" 0:37 seconds in. 

Video is in the tweet
https://twitter.com/pplswar/status/1033190117991739392
",1 Julia Salazar (NY State Senate Candidate -- Democratic Socialist) caught red handed on Twitter,1
t3_99yst1,,John McCain to Stop Cancer Treatment,1
t3_9a1asw,,"France: Muslim shouting ""Allahu akbar"" kills his mother and sister, ISIS claims attack",1
t3_99sqnl,,Biker Woman Pulls Out Gun and Shoots Road-Raging Man Dead After He Beat Her Almost Unconscious,1
t3_99x5pl,,Senate blocks bill that would provide election officials classified information regarding threats to elections infrastructure and formalize the sharing process with DHS at White House request. Bill would also require electric voting machines to produce paper record copies.,1
t3_99x5nl,,In case you forgot: Congress paid millions in hush money to protect politicians,1
t3_9a2i4q,,Impeachment Is Not Going to Happen,1
t3_9a1abn,,Removing 'undocumented' from headline on Tibbetts story sows readers' distrust,1
t3_99r3er,,Jeff Sessions to Trump: I will not let my Justice Department be improperly influenced by political considerations,1
t3_99zf1k,,The 'shift' in Arizona's Republican party that may keep McCain supporters at home,1
t3_99l4sx,,Illegal Alien Accused of Murdering Mollie Tibbetts Used Stolen ID to Work,1
t3_99x60g,,EXCLUSIVE: Dozens of locked up sex offenders among those granted conditional pardons by Gov. Cuomo so they can vote,1
t3_99x5jy,,"Mollie Tibbetts' Suspected Murderer Is an 'All-American Boy' with No Prior Record, Defense Argues",1
t3_99x4wt,,"Ocasio-Cortez Claims Global Warming Is Killing Americans, Gov Allowing It",1
t3_99x4pa,,‚ÄúWe‚Äôll Find Out About Brennan‚Äù,1
t3_99ybck,,Pay Attention to the Killing of Mollie Tibbets,1
t3_99vaxu,,"FBI ""Investigation"" Into Weiner Laptop Was a Gigantic Fraud Upon the Public; FBI Only Looked at 3000 Emails, and Only Glanced At Those in a 12 Hour Window; Never Conducted Mandatory Security Assessment",1
t3_99x4tz,,"Obama tried to get Rev Wright to stay quiet 'by paying him $150,000 during the 2008 campaign'",1
t3_99x53j,,"Reminder post-Cohen: Clintons were experts at silencing women, sometimes with money",1
t3_99sacn,,Cohen Attorney Lanny Davis: CNN‚Äôs Anonymous Sources Were Wrong About Trump Tower Claim,1
t3_99jrbd,,No indication North Korean nuclear activities stopped: IAEA,1
t3_99r5mc,,Trump's Immigration Goals Mirror Eisenhower's: Jobs And Security,1
t3_99qm8l,,Plan to strip H-1B spouses of right to work hits final stage,1
t3_99l2mq,,Trump weighs Manafort pardon in exclusive 'Fox &amp; Friends' interview,1
t3_99ejj1,,"Trump blasts Michael Cohen over plea deal, praises Manafort",1
t3_99slzu,,"Jobless Claims Better than Expected Again, Defying Tariff Fearmongers",1
t3_99elw9,,"Cohen 'more than happy' to talk to Mueller, tell 'all that he knows,' lawyer says",1
t3_99ek05,,Trump's former attorney Michael Cohen has made a plea deal and allegations against the president,1
t3_99g6nh,,Billionaire Foster Friess defeated in Wyoming gubernatorial race despite last-minute Trump endorsement; Sen. Barrasso trounces wealthy challenger,1
t3_99blzg,,Swamp Monster,1
t3_99lwzj,,Join this political simulation subreddit,1
t3_99p1ah,,"If patriots should prevail, they must forge an identity politics of their own to counter the Left, whose identity politics are based, primarily, on race and ethnicity.",1
t3_99hk88,,H-1B visa-reliant Cisco favored foreign workers,1
t3_996v1e,,"Manafort convicted on 8 counts of bank, tax fraud",1
t3_99iy8x,,Will Trump's Midterm Plans Take Him To Texas?,1
t3_99gp4t,,Facebook apologizes for removing conservative PragerU videos,1
t3_99a9hn,,"Russian hackers targeted U.S. Senate, think tanks: Microsoft",1
t3_99b6xo,,"Judge Gives No Jail Time To Imran Awan, Attorney Claims He Was Building ‚ÄòWomen‚Äôs Shelter‚Äô",1
t3_99ah66,,Tibbetts suspect worked for farm owned by well-known Republican family,1
t3_99fdid,,YouTube shows me ads for MyHeritage on a video about Elizabeth Warren,1
t3_99e88p,,Midterm Wildcard: The Black Vote May Be In Play,1
t3_997844,,What could this mean?,1
t3_99dtf6,,Democrats struggle to find unity ahead of elections,1
t3_99bxdv,,"If the government schools were really about education rather than indoctrination, today's required reading would be quite different: Required reading today and yesteryear.",1
t3_99e2q1,,If only liberals took jokes as well as they take out money,1
t3_98tiel,,"RNC breaks another record, builds on fundraising advantage",1
t3_9974ln,,Suspect in missing Iowa student Mollie Tibbetts death is illegal immigrant,1
t3_98n504,,"Laura Ingraham is right: the ‚Äúmassive demographic shift"" is cause for concern",1
t3_98lzdi,,Accused Russian agent charged with attempting to influence US politics moved from DC to Virginia jail for undisclosed reasons,1
t3_98qcu0,,Clapper: Brennan's rhetoric is becoming an issue,1
t3_98u7lv,,Senator Warren‚Äôs Bizarro Corporate Governance,1
t3_98hez4,,Trump has gained support among black voters since 2016,1
t3_98trgc,,Liberals crushed in SCOTUS spending war,1
t3_98uokv,,EXPOSED: Astonishing Fake News Against Rick Scott in Senate Race,1
t3_98kg5i,,EXCLUSIVE: 4-in-10 N.H. Republicans Support a 2020 Primary Challenge for President Trump,1
t3_98dfpc,,Alexandria Ocasio-Cortez Bans Reporters From Public Town Halls,1
t3_98fwbz,,U.S. Steel to invest $750 million to revitalize flagship Gary plant in wake of Trump tariffs,1
t3_98hfgn,,Brennan: I didn‚Äôt mean that Trump committed treason when I said he committed treason,1
t3_98h40m,,"Trump policies are good for US, but may be bad for the global market",1
t3_98gxgx,,CBS News pollster reveals why ‚Äòblue wave‚Äô is unlikely,1
t3_98c3mu,,"CNN Sued The Government For Names, Addresses Of Manafort Jurors",1
t3_98ba9h,,Trump cites 'ridiculously high' price in canceling military parade,1
t3_98f09g,,GOP Chair Flattens DNC Chair For His Pathetic Identity Politicking In One Tweet,1
t3_98fzfb,,True Con Corporate Class Silent on Censorship of PragerU and the MasterCard-Ordered Banning of Robert Spencer from Patreon,1
t3_98gnr6,,California Legislature To Consider Licensing Complaining,1
t3_9877z0,,Special ops shoot down Brennan and his defenders: 'You put your politics before us',1
t3_987u75,,Manafort‚Äôs Judge Is Under Federal Protection After Wave Of Threats,1
t3_98bgqy,,Fourth instance of mob violence this year shuts down Chicago's fanciest shopping district,1
t3_97zicr,,Everyone Else...,1
t3_989yk9,,"Senate Intel Chairman, Richard Burr, Notes that Brennan has Trapped Himself",1
t3_9877qp,,IRS Docs Link McCain's Office to Attacks on Tea Party,1
t3_98b7u3,ESPN won't broadcast the anthem before Monday Night Football https://dailym.ai/2vUf35c via http://dailym.ai/android,Unacceptable non solution.,1
t3_989lz4,,Ending Birthright Citizenship Will Make GOP Look Pro-Dred Scott,1
t3_9871le,,HC: Except he literally WASN'T inciting violence.,1
t3_988iw6,,"Trump, McConnell forge partnership as midterms approach",1
t3_9823sn,,GOP leader criticizes Republican senators for not showing up to work,1
t3_97xj1k,,"Colorado Defies SCOTUS, Doubles Down on Jack Phillips",1
t3_982y51,,Senate confirms two more circuit court judges after Jeff Flake lifts blockade,1
t3_98215r,,Pentagon Analyst Stripped of His Security Clearances After Questioning Exorbitant Contracts for Trump-Campaign Spy Stefan Halper,1
t3_98074z,,Detroit Rep. Bettie Cook Scott on Asian opponent: 'Don't vote for the ching-chong!',1
t3_97z9ww,,City passes proposal to remove Trump's star from Hollywood Walk of Fame,1
t3_9821sv,,Democrat Candidate Explains Why 13-Year-Olds Should Be Able To Get Abortions Without Parental Consent,1
t3_9807xs,,Klavan: The Enemy Is In The Church,1
t3_97ttpl,,Central Washington University fires Republican lawmaker and professor,1
t3_982p4j,,'Most Damning' Planned Parenthood Videos Yet Set for Release if Judge Lifts Gag Order,1
t3_982eea,,Dem Candidate Voted Against Minnesota Bill to Stop Insurance Payments to Convicted Terrorists,1
t3_982b41,,"The ""Both Sides"" Experiment",1
t3_9820ua,,"Midterm Meddling: Twitter Follows Facebook, Blacklists GOP Candidate's Family Story",1
t3_98297j,,"John Brennan, a Security Risk from the Start",1
t3_9807r3,,Ellison Is Done: 911 Report Confirms Assault Details and We've Got the Report - this is ANOTHER allegation,1
t3_97ohe4,,Trump Revokes Security Clearance for Former CIA Director John Brennan,1
t3_9807i2,,Shelter For Abused Women Targeted By Equal Rights Commission For Barring Biologically Male Transgenders. Now They're Fighting Back.,1
t3_97wuen,,"Ohio Veterans Blast Cordray for Comparing Republicans, Trump Admin. to Nazis",1
t3_97y95a,,"Andrew Cuomo shocks crowd, says America 'was never that great'",1
t3_97xab5,,"'‚ÄãShopify' Targets Gun Companies With Crippling Ban, CEO Quietly 'Amends' Free Speech Stance",1
t3_97tek1,,"HC: Salon gives one headline, but the entire article is about something else.",1
t3_97htjq,,All of West Virginia's Supreme Court justices impeached over spending,1
t3_97y592,,"Ted Nugent and Tom Morello are friends, says Wayne Kramer",1
t3_97uyvl,,Hundreds Of Media Outlets Make Trump‚Äôs Point Today -,1
t3_97e7v8,,"Democrats view socialism more favorably than capitalism, Gallup says",1
t3_97mhps,,Post about Trump calling people names; comments are full of people calling Trump/ Trump supporters names.ü§î,1
t3_97eiq1,,House GOP prepares to grill DOJ official linked to Steele dossier,1
t3_97gazs,,Massachusetts mayor boycotts Sam Adams after cofounder thanked Trump for tax cuts,1
t3_97k4z6,"My wife and I are Republicans and we got our sample ballots for the Republicans primary today.
We will vote for DeSantis for Republican candidate for Governor because President Trump endorsed him over Putnam.
Did Trump endorse any other candidates on this ballot?
Looks like Frank White is the pro Trump Attorney General candidate over Ashley Moody as the establishment Republican.
Agriculture Commissioner Republican candidate Matt Caldwell has the NRA endorsement.
( Agriculture commission handles concealed carry permits in Florida)
What about the candidates for Judge?
It‚Äôs non partisan, so they can‚Äôt say which party they belong to. I would just vote for Republicans as I think they would generally be tougher on crime, more pro life and more gun friendly.
I have Group 13, 18 and 25 on my ballot. I have been to ALL their websites and they all have the same words about skills, justice and fairness.
Even the scientist candidate says she has skills, while her rival is a public defender. 
It‚Äôs like it is secret information whether they even belong to a political party. 
I‚Äôve searched the net and there is no one issuing recommendations for judge candidates. I see Tea party recommendations for Texas, but none in Florida.
Anyone have any ideas on who rates these people? Any way to find out if they are Republicans?
 ",Recommend Florida Judges,1
t3_9786cc,,Florida Dems Looking For 'Blue Wave.' It's Not Happening.,1
t3_97g1wq,,"Sens. Mike Enzi, Richard Burr: Let's set some real consequences for bad behavior at the IRS",1
t3_9799jp,,Dems ready to move past Michelle Obama‚Äôs ‚Äògo high‚Äô message - ‚ÄúYou can‚Äôt kill him with kindness. That doesn‚Äôt work. So you have to go the other way.‚Äù,1
t3_97g2bp,,Keith Ellison Beats 5 Other Democrats (Including his ex-Girlfriend) to win Democratic primary in Minnesota‚Äôs attorney general race,1
t3_979s1w,,Three landmark #SCOTUS decisions that protect free speech and help prevent discrimination.,1
t3_96zhro,,"If Trump‚Äôs Voters Turn Out This Fall, They‚Äôll Give Republicans A Big Senate Majority",1
t3_97fcq8,,There‚Äôs neither red nor blue wave in sight yet,1
t3_97027g,,"FBI fires Peter Strzok, months after anti-Trump texts revealed",1
t3_96x2ml,,Why the Left Loves Marx and Ignores Douglass,1
t3_96rvex,,"Bernie Sanders misunderstood study he used to tout ‚ÄòMedicare for All,‚Äô author says",1
t3_976j7b,,Vote On Your Dream 2020 Democratic Ticket,1
t3_970tdi,,"‚ÄúOne side or the other must win. . . . This is a civil war that can be won without firing a shot,‚Äù writes Peter Leyden, the former managing editor of Wired. That is not a metaphor, when Leyden says the war ‚Äúcan be won without firing a shot,‚Äù what he means is censorship.",1
t3_970xmp,,Bill De Blasio: Rupert Murdoch's Media Empire is Evil,1
t3_970oy8,"I know it might be a strange question, but I see some conservatives say homage to catalonia is a good book to read for conservatives like ben shapiro and national review. But then I see a lot of socialists say homage to Catalonia is a good book and conservative have the book and Orwell wrong.",Is Homage to Catalonia a good book for Republicans to read,1
t3_96zirr,,Kanye West Defends His Support of Trump: 'Liberals Can't Bully Me',1
t3_973pss,,Its in the fucking second paragraph!!! NYT just outright making shit up again.,1
t3_96r1oq,,"The Washington establishment is less interested in the means used to influence voters than in the fact that the deplorables have been prompted to defy them, which cannot be allowed.",1
t3_974lwt,,2016 Trump Tower Meeting Looks Increasingly Like a Setup by Russian and Clinton Operatives,1
t3_971mrm,,Democrats More Positive About Socialism Than Capitalism [Gallup poll],1
t3_96yiu9,,Is the moderate liberals ever going to admit they have an intolerance &amp; trust issue?,1
t3_972aa1,,Colleges Are Turning Red Students Radically Blue -,1
t3_96m5k1,,Trump condemns ‚Äòall types of racism‚Äô on one-year anniversary of Charlottesville,1
t3_96yqg4,,"Wacky Omarosa - Trump blasts 'vicious' former aide, 'Celebrity Apprentice' star in wake of secret tapes bombshell",1
t3_96vg1t,,Trump has Secret Service haul away reporter for asking a question,1
t3_96wtzs,,"PRESIDENT DONALD J TRUMP, telling it, just like it is lmao...",1
t3_96spai,,Why Omarosa‚Äôs attack on Kelly could backfire,1
t3_96iaya,,Not good. Leadership needs to get the deficit under control.,1
t3_96oeyt,,US Navy makes it clear. Obama's appeasement policy is over.,1
t3_96mkwn,,POTUS with an epic troll!,1
t3_96in8h,,Conservatives call for constitutional intervention last seen 230 years ago,1
t3_96ivbf,,The Democrats‚Äô ‚ÄòGeneric Ballot‚Äô Advantage Has All But Disappeared,1
t3_96a97f,,"170 Voters in Ohio Race 'Over 116 Years Old,' World's Oldest Person Is 115",1
t3_96e2br,,"Omarosa Contradicts Her Book, Saying She Heard Trump Use 'N-Word' On Tape : NPR",1
t3_966aaz,,"Ocasio-Cortez dismisses Ben Shapiro's debate offer, compares to 'catcalling'",1
t3_96ih9w,,"Short on Cash, DNC Does About-Face on Fossil Fuel Donations",1
t3_96l0ye,,"Trump Touts Minority Unemployment Rates, Pushes Prison Reform Measures",1
t3_96drke,,Report: Iran Test-Fired Anti-Ship Missile to Taunt US Forces Read,1
t3_96lfxa,,"Apparent ideological distinctions between neocons and liberals in mass media are illusory. When the power of the Establishment is challenged, they unify to neutralize the threat. At the heart of the matter is a battle over agency. Do Americans have the freedom to live as they see fit?",1
t3_96l4sx,,The Death Penalty Helps Preserve the Dignity of Life,1
t3_96axws,,US Deficit on Track for 6-Year Record High Read,1
t3_96d3z2,,"And suddenly the Generic Congressional Advantage is down to +5 Democrat, that‚Äôs the average. Ideas?",1
t3_95zru2,,Small Conservative Outlets Are Being Shadowbanned En Masse,1
t3_96bdx5,,Celebrities clash over President Trump,1
t3_967sd0,,Are Fox News Liberals Attacking Laura Ingraham?,1
t3_9679ps,,Congressional Leadership Fund Expands Field Offices,1
t3_95v6vi,,Twitter Resistance: Social Media Giants Shouldn‚Äôt Be Arbiters Of Appropriate Speech,1
t3_966a6d,,"Rage when Trump targets media, Crickets when De Blasio targets media",1
t3_95w9oz,,Hundreds of uncounted votes found could swing nail-biter special election,1
t3_95tl1c,,AntiFa anarchist associated Eric Clanton takes 3-year probation deal in Berkeley rally bike lock assault case,1
t3_95ycfi,,House Republicans Considering Leadership Bids,1
t3_961urx,,Ocasio-Cortez: Think of all the funeral expenses we'll save under Medicare for All!,1
t3_95s0fp,,Defendant Released from Local Custody Despite Outstanding ICE Detainer Pleads Guilty to Illegal Reentry following Philadelphia Conviction for Rape of Child,1
t3_963f45,,Trump: Maybe players who kneel shouldn‚Äôt be in US,1
t3_963sth,,"Gun-Rights Activists Who Posted Gun Files Say Facebook, Amazon Have Censored Their Site",1
t3_95m5qt,,Cursed by Alexandria Ocasio-Cortez and Bernie Sanders ? All candidates endorsed by the socialist democrats lost last night!,1
t3_95z9ml,,"HC: Agreeing to study the possibility is not the same thing as ""Embrace""",1
t3_962i08,,I just nearly choked on my dinner LMFAO,1
t3_95yc49,,Trump endorses Tedd Yoho of Florida!,1
t3_95nkds,,Rep. Christopher Collins Arrested for Insider Trading,1
t3_95y3mm,,What do you think of Left-wing Indoctrination in public schools? (POLL),1
t3_95xwsh,,Kamala Harris floats the left‚Äôs new ‚Äòidentity politics‚Äô hypocrisy,1
t3_95wzos,,HC: West Hollywood calls for Trump Walk of Fame star to be removed,1
t3_95ifof,,"Arrested ANTIFA members (Sundays ""Anti-Marxism rally"")",1
t3_95y4x1,"An interesting discussion, the cold war ended on his watch, his policies were intricate and well thought out. He worked with Russia (Gorbachev) and was liked by majority of the Americans.

Trump like Reagan has a strong persona, a good group of advisors and capabilities for good administration. But also, he is hated equally and demonised in everyday public situations.

Will Trump go down as legendary as Reagan was?",Trump vs. Reagan?,1
t3_95ocui,,NAACP poll shows increase in Trump approval among African Americans,1
t3_95qr7e,,Nancy Pelosi: Voting for Democrats Gives ‚ÄòLeverage‚Äô to Illegal Aliens,1
t3_95tucc,,Politico Reporter: Iranian Protests ‚ÄòBlaming the Regime‚Äô After U.S. Exits Nuclear Deal,1
t3_95d5fu,,Hmmm... and they call Republicans fascist..,1
t3_95bb3d,,"‚ÄòSurvival of our democracy‚Äô depends on banning sites like InfoWars, Dem senator says",1
t3_95m2mj,,"This State Is Impeaching Its Entire Supreme Court, Maybe They're Onto Something",1
t3_95mjlj,,Vulnerable Senate Dem: ‚ÄòI‚Äôm fine‚Äô with more money for border wall,1
t3_95m585,,Environmental Activists Ignore The Strong Case For Offshore Oil Drilling,1
t3_95nnly,,"Police Were Not Policed: Without Accountability, Hard to Trust DOJ &amp; FBI Now",1
t3_95nh5l,,Why Socialism Failed - Mark J. Perry,1
t3_95got1,,HC: CNN leaves out any mention that the man planning an attack in San Francisco was Isis-inspired,1
t3_95kz5x,,And the left will still say he was a standup guy.,1
t3_95n3xk,,Bezos sure knows how to pick them,1
t3_95cyt3,,"670 ballots in a precinct with 276 voters, and other tales from Georgia‚Äôs primary",1
t3_95k0hp,,Donald Trump reimposes sanctions on Iran that were lifted by Barack Obama,1
t3_95jzw9,,Sessions Stands Strong In Defense Of Terminating DACA,1
t3_95ju8v,,"""A man was stabbed in the throat in Washington for openly supporting the president, and a 69-year-old woman was nearly beaten to death with a chair for the same.""",1
t3_957iqi,,FCC admits it was never actually hacked,1
t3_95m02e,,LOL... poor Mueller,1
t3_95cw38,,Socialism's Downfall: Why has socialism failed everywhere it has been tried? Proponents of socialism fail to take into account one basic and immutable factor: the fundamental nature of the human race.,1
t3_95cfqp,,Dwayne 'The Rock' Johnson upsets animal rights advocates with pictures from aquarium visit,1
t3_95f48g,"I strongly believe the party would benefit greatly  from putting an end to the use of the ‚Äúhispanic/latino‚Äù label.  There is no reason why legal catholic immigrants who identify strongly with their European heritage shouldn‚Äôt be voting republican. 

The use of hispanic as a general term to group every person that speaks Spanish is asinine. What is currently defined as hispanic, includes people from all races whose only common trait in most cases is that they speak Spanish. They dont eat the same food, listen the same music or share a common history. A Mexican and a Cuban are as miles apart culturally. Even a Mexican and a Salvadorian which share a more similar background can barely stand each other. 

We need conservatives and they are already here. Break this made up nonsensical group instituted by democrats (mostly made to identify poor mexican migrants) and welcome them into the fold. ",End the Hispanic concept,1
t3_950h2y,,Police: Armed bystander takes down gunman at Titusville back to school event,1
t3_951ctz,,This is the tolerant left. #AntifaIsATerroristOrganization,1
t3_951np6,,"Sikh Man Attacked, Told To ‚ÄúGo Back To Your Country‚Äù In Stanislaus Co. - ""The campaign signs he placed that night were for Congressman Jeff Denham and other members of the Stanislaus County GOP.""",1
t3_95cjo7,,Senate Democrats Are Circulating Plans for Government Takeover of the Internet,1
t3_95bdkl,,"TODAY IS VOTING DAY: Kansas, Michigan, Missouri, Washington Primary Elections &amp; Ohio 12th Special Election - Find your polling place:",1
t3_957sx2,"US Senate candidate Austin Petersen appeared on the Fox Business Network on the eve of his Republican primary in Missouri. Petersen is a pro-life, pro-liberty, pro constitutional conservative.
   
 YouTube URL: https://youtu.be/G5gkUdxg2XE
   
   
","""I‚Äôm the strongest Republican candidate against Sen McCaskill."" Austin Petersen",1
t3_952ayv,,Race-Based Diversity Is Creating More Trump Voters,1
t3_9562e7,,Don't Tread on the Net,1
t3_94sht8,,Pastor praises Trump as ‚Äòpro-black‚Äô at prison reform event,1
t3_959402,,FAR LEFT MOBS RIOT In 3 Major US Cities -- NOT ONE Mainstream Outlet Reports on the Widespread Leftist Violence,1
t3_953au0,,Rove: Trump should lower expectations for red wave in midterms,1
t3_953kr7,,Maxine Waters gets her wish: Antifa mob ATTACKS Charlie Kirk and Candace Owens,1
t3_953go7,"*Note: If a moderator wishes for this post to be removed, please do so. I don't see any rules about against advertising other communities, but I apologize if I missed something.*

Hello fellow Republicans! I am a Republican who loves debate. However, if you look at rule 1, debate is not allowed. I am not complaining about this, as debate would encourage trolling from your opposition all over this sub. However, if any of you guys are interested in debating your beliefs with people who have opposing viewpoints in an environment where everyone is required to be respectful, please consider partaking in discussions on my new [subreddit](https://new.reddit.com/r/Debatocratics/). If you wish to gather a group of like-minded people within your community before heading over, please feel free to do so.

If you hate debate, and it gives you a headache, you don't have to come. However, I firmly believe that healthy debate is necessary for democracy to function, and by debating with your peers you make the world a much better place.",Place for Debate [Friendly Advertisement],1
t3_956r7l,"Go here for the AMA:
https://old.reddit.com/r/walkaway/comments/956lnq/hi_everyone_im_brandon_straka_founder_of_walkaway

Thank you mods!","Brandon Straka AMA at r/WalkAway, the official subreddit of the #WalkAway campaign",1
t3_954006,,"HC: Newsweek publishes an article claiming that Stephen Austin, whom the capital of Texas was named after, was a Confederate. There's just one problem...",1
t3_94v0o9,,GOP Congressional candidate Elizabeth Heng Gets Facebook Blocked,1
t3_95485e,,Peter Fonda Encourages Voter Fraud So Democrats Can Win,1
t3_954bv2,,What the left doesn't get about America,1
t3_951djx,"Recently I have convinced a liberally minded guy to embark in debate. He is refusing to acknowledge that conservatives are reasonable people, and he is trying to promote Liberal bias in Wikipedia because he is saying that all Conservative news sources are ""Fake News."" Instead of ignoring this guy, or rejecting him, I have been talking with him.  Its been quite a conversation, and I'm not going to stop. The only way this will end is if he gives up, or we come to an agreement.

Take a look guys!

[https://np.reddit.com/r/WikiInAction/comments/94ci89/bias\_in\_wikipedia\_due\_to\_conflict\_of\_interest/e3kvr3a](https://new.reddit.com/r/WikiInAction/comments/94ci89/bias_in_wikipedia_due_to_conflict_of_interest/e3kvr3a)

EDIT: Look here as well!

[https://np.reddit.com/r/TopMindsOfReddit/comments/94jthq/rwikiinaction\_discovers\_that\_controversial/](https://new.reddit.com/r/TopMindsOfReddit/comments/94jthq/rwikiinaction_discovers_that_controversial/)",How to deal with someone who doesn't agree with Conservative ideas,1
t3_953dmg,,r/WalkAway becomes an official #WalkAway campaign site and hosts Brandon Straka AMA tonight 8pm ET!!,1
t3_951g00,,Man Who Threatened House GOP Had 200 Rounds Of Ammo At His Home,1
t3_94iyq4,,This is Professor Anthony Pappas. He is the GOP nominee for Congress and is running against Alexandria Ocasio-Cortez. He has taught economics at St. Johns University for close to 40 years and graduated from MIT,1
t3_94v5ut,,"At the core of the Americanization argument is nationalism, without which, there can be no patriotism. For what is a patriot without a nation to pledge allegiance to? ‚ÄúTo substitute internationalism for nationalism,‚Äù said Teddy Roosevelt, ‚Äúmeans to do away with patriotism.‚Äù",1
t3_94ugoo,,Party leaders: Video from state Rep. Manweller won‚Äôt sway voters,1
t3_94yvq4,,ICE: Twice-Deported Illegal Alien Suspected of Murder in New York | Breitbart,1
t3_94yma7,,Get It Through Your Head That Progressives Hate You,1
t3_94xuzo,"We received mailers from the ""Progressive turnout project turnoutpac.org"" that tells my wife she has voted in 1 out of the past 4 major elections, giving her one star and guilting her into voting August 7th in our district special election for Congress. I received 4 of 4 stars for voting in all major elections.  
The thing is my wife and I have voted together since we met in 2008.  How can PACs put our name on a letter and then lie about voting history?

Pic http://imgur.com/Wuh0IYS",Outright lie in mailer,1
t3_94uvf9,,‚ÄòHe Can Be Beaten‚Äô ‚Äî Kentucky Dem Makes Joke At Rand Paul‚Äôs Expense,1
t3_94ms4i,,"The people of Chicago make desperate plea to @realDonaldTrump for help, slam Mayor Rahm Emanual for helping non-citizens first.",1
t3_94ep5o,,Vox: Sarah Jeong was just talking the way most people on the left talk about white people,1
t3_94l6qe,,Elizabeth Warren: America's criminal justice system is racist | US news,1
t3_94jhbw,,Road to peridition.,1
t3_94llbf,,"April Ryan: Jim Acosta's Life ""Was In Jeopardy"" At Trump Rally",1
t3_94oibw,,HC: The Washington Post claims that Sarah Sanders says the media is the enemy of the people.,1
t3_94mx3q,,Noga vs Wagner: Republicans face off in this tight race in Missouri's 2nd Congressional District,1
t3_94bslr,,The Media's Full-Throated Defense Of NYT‚Äôs Hiring An Anti-White Bigot -,1
t3_94h5u5,,STUDY: Researchers falsely frame Trump supporters as racists,1
t3_94anux,,Kentucky Democrat Runs Lynching Ad In Pursuit Of Judgeship ‚Äî His Own Party Flips On Him,1
t3_94l5t1,,Fearing for his life,1
t3_94jzjw,,"HC: Citing free speech when selling ""Fake News"" t-shirts is now wrong, according to the media.",1
t3_94pm93,,Gohmert: Mueller UNMASKED,1
t3_94acxh,,Ben Shapiro On The False Claims of the Socialist Democratic Party,1
t3_94emjq,,"DACA program should be fully restarted, federal judge rules",1
t3_94elp6,,Hispanic unemployment again hits new record low in July,1
t3_94cmk3,,Man Arrested for Violent Threats Against... Steve Scalise's Children,1
t3_94fb42,,First like,1
t3_9425em,,Why can‚Äôt you just be normal,1
t3_94h60j,,U.S. Regains Rank As The World's Most Competitive Economy Under Trump,1
t3_94etb6,,How Spygate Is Turning Democrats Like Me Against Our Party,1
t3_940n6h,,NY Times newest editorial board member doesn't seem to like 'Dumba** F***ing White People',1
t3_94625k,,D‚ÄôSouza Gets White Supremacist Richard Spencer To Admit Being A Socialist Progressive,1
t3_949gze,,Trump Says He‚Äôs Working to Pass FIRST STEP Act,1
t3_945lbr,,California Would Lose Four Electoral Votes If Only Citizens Are Counted In The Census,1
t3_94ddyo,,NAILED IT! Don Jr. Compares DNC To 1930s Nazi Platform,1
t3_944hsx,,DOJ &amp; DOL to Crack Down on Employers That Discriminate Against American Workers,1
t3_93wvkg,,"Oregon ""Independent"" Congressional Candidate Viciously Attacks First Lady Melania Trump",1
t3_94213x,,Feinstein was 'mortified' by FBI allegation that staffer was spy for China: report,1
t3_93zbrg,,HC: Media downplays proof of Twitter shadow banning.,1
t3_940577,"Twitter has issued a 12-hour suspension to Austin Petersen, a Republican candidate in the U.S. state of Missouri's Senate race - for what it describes as abusive behavior.
   
 YouTube URL: https://youtu.be/IQwhB1SkgQI
   
   
","Twitter suspends republican senate candidate, Austin Petersen for posting Stalin gif",1
t3_9462bk,,Democratic socialist writer levels with voters: We want to ‚Äòend capitalism‚Äô,1
t3_9461yo,,SURPRISE! Ontario Forced To Pull Plug On Universal Basic Income Program,1
t3_93q8ea,,U.K. Frees Tommy Robinson. Maybe there is still hope for Londonistan,1
t3_9433uf,,"Good news for the GOP, Hispanics are boosting Trump‚Äôs poll numbers",1
t3_942ont,"Judge Andrew Napolitano explains to Gary Nolan why Republican Austin Petersen is the best choice in the August 7 Missouri senate primary.
   
 YouTube URL: https://youtu.be/ZLqlgC7Ga-c
   
   
",Judge Napolitano on Austin Petersen For US Senate,1
t3_942bdm,,California Judge Rules Twitter CAN Be Sued for Falsely Advertising Free Speech | Breitbart,1
t3_93wgy9,,Politico: Why the Smart Move for NeverTrumpers Is to Become Democrats,1
t3_93wkwd,,"New Hires Rise by 219,000, Blowing Away Estimate of 185,000",1
t3_9417is,"US Senate candidate Austin Petersen takes on the Politically Correct Police on Twitter
   
 YouTube URL: https://youtu.be/hAbWqsKrPJ4
   
   
",Austin Petersen takes on Twitter PC Police,1
t3_93r8xe,,"Man in prison for violent sex crimes gets 7 more years, will be deported",1
t3_93wllr,,Dana Loesch Answers Jim Acosta's and AllahPundit's Whining About Rowdy Partisan Heckling of People the Crowd Doesn't Like,1
t3_93vjqs,"[http://video.foxnews.com/v/5614615980001/?#sp=watch-live](http://video.foxnews.com/v/5614615980001/?#sp=watch-live)

VP Pence speaks at ceremony. Very inspiring speech about our vigilance to leave no man behind.","""Today, our boys are coming home."" Vice President Pence",1
t3_93gyqw,,"Socialism Always ‚ÄòBecomes a Big Prison System at the End,‚Äô Albanian Refugee Warns",1
t3_93j8a2,,More than 100 ex-cons already lost voting rights granted by Cuomo,1
t3_93ksbt,,WATCH What Democrat Senator Said When Told Illegals ‚ÄòBroke the Law‚Äô Video: 00:01.0,1
t3_93piqm,,"If ObamaCare is an economic time bomb, Medicare for All would be a nuclear explosion",1
t3_93vw7e,,Liberals in a nutshell.,1
t3_93dvhs,,"More than 1,000 people download plans to 3-D print AR-15-style guns",1
t3_93srg2,,Report: Worker pay rising at fastest pace in 10 years,1
t3_93siw9,,"AMA with #WalkAway founder, Brandon Straka, this Friday, August 3 at 8:00PM ET on r/walkaway! Come talk to the guy who started it all!",1
t3_93i5yb,,Auditors: 30M taxpayers will owe more due to too low withholding from their employers,1
t3_93qrqn,,Reposting because i phrased the post wrong. There is a new facebook for ANYONE that doesnt want censorship or an echo Chamber. It takes two minutes to sign up. Spread this to Diamond and silk???? Their twitter is @va_freevoice if youbwant tonfollow and share.,1
t3_93do69,,Texas mall robbery suspects ID'd as Mexican nationals in US illegally,1
t3_93u9b7,,"Standing strong! Every republican (except for that traitor Bob Corker) voted against extra money for ""security"" in federal elections. Sorry libtards! if you could ever win, maybe you could make the rules!",1
t3_938gyp,,"Trump supporters pelted by eggs, punches can sue San Jose cops after attack, court says",1
t3_93dug5,,The Congressional GOP Is Suicidal,1
t3_93l0wh,"[https://www.youtube.com/watch?v=iIVcnHgePg0](https://www.youtube.com/watch?v=iIVcnHgePg0)

Seven men were caught with armed robbery, but fortunately was stopped by a local police officer, the swat team, an American with a concealed carry, and a few others. This is not their first crime or their first arrest, for they were caught in several occurrences before- one of which was for crossing the border illegally. ",7 Mexicans Who Entered the US Illegally Robbed a Jewelry Store,1
t3_93ebj3,,Watt allegations leave Democrats speechless,1
t3_93ebhr,,Dem pollster: Party shouldn't focus on 'promises of free everything',1
t3_93gayx,"‚ÄúIt allows you to create a firearm that does not contain a serial number, which is perfectly in compliance with the law. Every American is allowed to manufacture firearms. Many people do this. It‚Äôs the kind of thing that stands up for what is the First Amendment essentially,‚Äù Petersen said. https://ift.tt/2KeFUNP
   
 YouTube URL: https://youtu.be/rxOCf5XAMg4
   
   
",Republican Austin Petersen Giving Out Ghost Gunner Machine,1
t3_93g7bu,,Dems Expand Push to Blacklist Businesses Working on Trump's Border Wall,1
t3_93dvzr,,People Are Offering To Donate Their Organs To Ruth Bader Ginsberg To Keep Her Alive,1
t3_93e1db,,Report: GOP Tax Cuts Provide New Benefits for Employees and Their Families,1
t3_93hcgb,,"In virtue signaling against mythical white privilege, Hathaway, along with self-hating whites and their nonwhite auxiliaries, implicitly have announced that life matters only when they can ascribe political value to it.",1
t3_93gjcw,,Annual US worker pay gains rose at fastest pace since 2008,1
t3_93gayz,"Austin Petersen appeared on the One America news network to discuss his bid for the US Senate against Claire McCaskill in Missouri.
   
 YouTube URL: https://youtu.be/2qRPScxLcVQ
   
   
","U S Senate Candidate, Austin Petersen, on his Bid to Represent MO",1
t3_93f883,,Is Hillsdale College's Fundraising At Odds With Its Mission?,1
t3_934tvr,,Charles Koch warns Trump trade war could trigger recession,1
t3_931lk6,,"For a woman who has quickly become the face of the new Democrats, New York congressional candidate Alexandria Ocasio-Cortez is either shockingly uninformed or profoundly gaffe-prone.",1
t3_93air1,,"Twitter will verify and promote you so you can advocate for a system that his killed hundreds of millions of people around the world. But if you dare speak the scientific fact that there are only two genders, you‚Äôll be banned for hate-speech.",1
t3_93c5bw,,Rand Paul says he will support Supreme Court nominee Brett Kavanaugh,1
t3_93933e,,"Liberty Makes Us Unfree, Says the ACLU",1
t3_937r4e,,RNC Launching ‚ÄòWeek of Action‚Äô to Test Its Ground Game,1
t3_930rjj,,Koch network takes on Trump‚Äôs tariffs with six-figure ad buy as billionaire admits tensions could boil over,1
t3_935z1e,,Nolte: New York Times Upset over Threats Against Media; Ignores 500-Plus Attacks on Trump Supporters,1
t3_9366sj,,Can France Really Welcome All the World's Poor?,1
t3_937ae7,,But they are intent upon abolishing liberty.,1
t3_9390wn,,Keith Koffler: Trump is going to use America's strong economic numbers to ensure a GOP midterm victory,1
t3_937szs,"Why did I decide to give away a DefenseDistributed Ghost Gunner machine? Because it's legal. And awesome. And the 2nd Amendment. And the First Amendment.
   
 YouTube URL: https://youtu.be/YZKVvpANMqE
   
   
",Why One Missouri Senate Candidate Gave Away A Gun Making Machine,1
t3_9379ei,,Orban: Central Europe Will Be Anti-Globalist Bastion of Christian Culture and National Identity,1
t3_930ypg,,"Midterms: Billionaire Koch Brothers Threaten to Support Democrats Pushing Open Borders, Free Trade",1
t3_937scd,,Can We Trust Experts? - a good read,1
t3_92swlc,,Government data shows the entire ‚Äòfamily separation‚Äô crisis was built of lies,1
t3_935bfb,,"Leftist Protesters Crash Republican Rally, Create Mayhem -",1
t3_936ik4,,5 more years of shitting in her diaper and on the Constitution.,1
t3_933p34,,Why Young Adults Are Fleeing Forced-Unionism States,1
t3_92ncrz,,US GDP grew at 4.1% in the 2nd quarter,1
t3_92xlri,"Republican Senate candidate Austin Petersen of Missouri is giving away a Ghost Gunner 2 milling machine. The machine, dubbed the Ghost Gunner 2, cuts metal lowers into untraceable firearms. The machine is not a 3D printer, but has generated a firestorm of controversy and misunderstanding on the part of the media, as you can tell from this short clip.
   
 YouTube URL: https://youtu.be/brMKpj4vPos
   
   
",Missouri Senate Candidate Giving Away Ghost Gunner Machine,1
t3_92pgvm,,Court Rules Lawsuit Against San Jose Officials By Trump Supporters Beaten to a Bloody Pulp by Violent Leftists Can Proceed,1
t3_92u0u6,,Hi! I'm Nicole and I'm running for Merrimack County Attorney in New Hampshire!,1
t3_92u4fh,,Bannon is right. It is much easier to work with RINOs than Dems,1
t3_92czt6,,Second-quarter GDP jumps 4.1% for best pace in nearly four years,1
t3_92pi8r,,The Perils of ‚ÄòOwning‚Äô the Libs,1
t3_92dc4g,,Poll: Americans overwhelmingly reject voting rights for undocumented immigrants,1
t3_92msq5,"That‚Äôs literal, not an overstatement. They legalized recreational weed.",It‚Äôs legal to provide marijuana but not plastic drinking straws in parts of California.,1
t3_92nmwx,,An Asian American's Opinion on Affirmative Action,1
t3_92nfc6,"Hey, so I just learned there's a debate over plastic straws. Can anyone provide the background behind this? Why it came up, the pros and cons, etc. Thanks. ",The straw debate,1
t3_92ovng,,Leftist comedians want you to think pedophilia is super funny,1
t3_92dkx3,,North Korea Hands Over Remains of U.S. Soldiers From Korean War,1
t3_924ll5,,So it would seem,1
t3_92dc81,,Korea remains: Pyongyang returns US troops slain in Korean War,1
t3_92gs3f,,It's imperative,1
t3_92fu3c,,State Department Working to Kill Sanctions on Terrorist Use of Human Shields,1
t3_922xrk,,China Is Meddling In U.S. Midterm Elections ‚Äî Right Now,1
t3_92383t,,Court: Hawaii's restrictions on handguns in public unconstitutional,1
t3_92i34m,,"Fake News Headline Correction: Twitter shadowbanning conservatives is simply ""weak user numbers""",1
t3_92fs4j,,GOP House Committee Asylum Rules Would Allow Migrating Foreign Populations to Fill Half of Midwest,1
t3_92fqbc,,"Rand Paul: Brennan 2012 Leak ‚ÄòHelped Compromise‚Äô Yemen Operation, Risked Agent‚Äôs Life",1
t3_92d6s9,,Former Dem Candidate Campaigning for Dem CA-48 Nominee: ‚ÄòThis Is Civil War II‚Äô,1
t3_925fmw,,US house prices are going to rise at twice the speed of inflation and pay: Reuters poll,1
t3_924zcg,"Hello, being upfront, I would like to start by saying that I am independent. Regarding legalization of marijuana, I haven‚Äôt heard much regarding republican views. To me, it sound like a win-win situation. State  makes money off its taxes, ilegal sell decreases, no more people who  are incarcerated for possession of it   have to spend unnecessary time in prison which means that tax payers‚Äô money can be redirected to amore useful causes. Plus is less deadly than alcohol and tabaco which are both legal. I want to see (glance) at what a general republican opinion looks like. Whether you support it or not or are undecided. 

Edit: for transparency‚Äôs sake, I am not here to argue.  As every human I have a personal biases, therefore I just here to listen.",What are your opinions regarding legalizing recreational marijuana?,1
t3_91so5o,,"Facebook admits it blocked Florida Republican's pro-gun ad, reverses course",1
t3_9278er,,Judicial Watch Obtains IRS Documents Revealing McCain‚Äôs Subcommittee Staff Director Urged IRS to Engage in ‚ÄúFinancially Ruinous‚Äù Targeting,1
t3_926vnr,,#BoycottEricChurch,1
t3_927lle,,Trump's Demands Are for Canada's Own Good,1
t3_91wv27,,"ICE locates, arrests sex offender after NC county refuses to honor detainer",1
t3_927ff6,,This will be all of America if leftists have their way.,1
t3_92929s,"Cause republicans get the job done. It was a republican that ended slavery and it was a Republican who stoped tensions between the US and the Soviet Union. I see it as republicans are the business men who wants what‚Äôs best for America and will make deals to get it, while Democrats are just hippies who preach about equality when in reality they want to oppress white men and change this republic into a communist country. That is why I‚Äôm a republican ",Let me tell you why I‚Äôm a republican,1
t3_91om7s,,No More 'Undocumented': Justice Dept. Says the Correct Term Is 'Illegal Alien',1
t3_9254u1,,"r/IAmA calls the #WalkAway mov't a ""Russian propaganda effort"", revealing their CNN-like propagandist political slant in today's ban of r/WalkAway mod",1
t3_91u90a,,House Dems introduce bill to require two years of debt-free college across the US,1
t3_91ubbg,,Republican Uber riders say driver kicked them out with 'Welcome to the resistance' | TheHill,1
t3_91nfaj,,Poll: Majority of Americans say they would not vote for a 'socialist',1
t3_91u6h3,,"Dem Congressional Candidate: Tax Parents With More Than Two Kids, ‚ÄòIrresponsible Breeders‚Äô",1
t3_91skoj,,"Muslim Democrat promising lots of gov't 'freebies' - ""Tlaib also wants to create special rights for Muslims and other minorities""",1
t3_91ll9l,,The way I see it,1
t3_91x9o0,"The AMA is here --&gt; https://reddit.com/r/walkaway/comments/91x7y9/hey_guys_my_name_is_dylan_wheeler_from_educating/    

Thank you mods!",Dylan Wheeler AMA from Educating Liberals. ASK ME ANYTHING!,1
t3_91hnzr,,"Server faked ‚Äòwe don‚Äôt tip terrorist‚Äô note, Texas restaurant says",1
t3_91thu1,What would you recommend I do for this?,I want to start up a republican club at my high school! (Advice),1
t3_91wenb,Click here for the AMA --&gt; https://reddit.com/r/walkaway/comments/91wcjj/walkaway_with_wayne_dupree_ama/,Wayne Dupree AMA at r/WalkAway right now! Come join us,1
t3_91jr1s,,Trump's trade war is economic suicide,1
t3_91vt9x,,"‚ÄúThe notion that social media companies would suppress certain political points of view should concern every American,‚Äù McDaniel told VICE News in a statement. ‚ÄúTwitter owes the public answers to what‚Äôs really going on.‚Äù",1
t3_91r35g,,I see Gaza as an open air prison. But I wholeheartedly agree with US approach to UN re: money and help from Arab nations. We do have to stop making US tax payers work for the world while we dont provide enough relief to the tax payers themselves.,1
t3_91kzn3,,"A federal appeals court ruled on Tuesday that the U.S. Constitution‚Äôs Second Amendment protects the right to openly carry a gun in public for self-defense, rejecting a claim by Hawaii officials that the right only applies to guns kept at home.",1
t3_91u8vo,,Why Is Mueller Handing Off Key Cases?,1
t3_91u8re,,Owning Libs Feels Great but Risks Backlash,1
t3_91vja5,,Trump beat Hillary more than a year ago but the left can't let it go ‚Äì and it's harming our country,1
t3_91kkxz,,9th Circuit: Second Amendment protects right to openly carry firearm in public,1
t3_91nexs,,ICE more than TRIPLED its U.S. work place investigations in 2018,1
t3_91ceq8,,With leftists a racist tweet = permanently blacklisted. Pedophilia? Rape? Murder? Easily forgiven. Really makes you think.,1
t3_91n49h,,Andrew Cuomo Restores Voting Rights to Paroled Sex Offenders,1
t3_91sdcf,,Donald trump saved the GOP.,1
t3_91n0k0,,when you‚Äôre disappointed because the name Faisal Hussain doesn‚Äôt let you blame White people,1
t3_91ibf4,,North Korea Begins Dismantling Key Facilities at the Sohae Satellite Launching Station,1
t3_91l4ew,,Finally: House unanimously passes response to Kelo,1
t3_91kk9y,,Social Media Proves The Need For Whatfinger Style Alternatives -,1
t3_91kbqu,,Nice of him to admit that these people are using their security clearances to leak information and get rich.,1
t3_91jscm,,California Coffee Shops Quits Serving Eggs in 'Feminist' Solidarity With Chickens,1
t3_91jp9x,,Study: TV‚Äôs War Against Trump‚Äôs Immigration Enforcement Agenda,1
t3_91jm2z,,"Leftists only ""like"" immigrants because they mostly vote Democrat. If immigrants were likely to vote republican these same leftists would be screaming for a 100 foot wall topped with machine guns around the entire country.",1
t3_91lak1,,Will New Jersey Kick Discredited Robert Mendendez Out Of The Senate?,1
t3_91daae,,You were never a spy. You were never a case officer. You never ran operations or recruited sources or worked the streets abroad. You have no idea whatsoever of the true nature of the business of human intelligence. You have never been in harm's way. You have never heard a shot fired in anger.,1
t3_916u0t,,Democrats Caught In Vile Attack On Wife Of Trump's Florida Co-Chair,1
t3_91kx0o,,And another member of the leftist sex slavery cult NXIVM arrested. All these leftists defending Hollywood pedophiles is making more sense everyday.,1
t3_91jrvi,,Another Hit Piece By The Mainstream Media. Thoughts? Be Sure To Like And Share!,1
t3_91grsh,,10 Key Takeaways From Released FISA Warrants Against Carter Page,1
t3_9167ee,,"FBI Knew Russian Spy Butina Was a Spy While She Was Meeting with Obama Treasury and Spying on NRA, Conservatives",1
t3_91gzoy,,"No, The Fourteenth Amendment Does Not Authorize Birthright Citizenship",1
t3_916i5q,,Kavanaugh Could Tip Supreme Court Against Gun Control Laws,1
t3_9110rq,,Lawyers: White Students Should Be Able To Sue Cal Poly For Racial Discrimination,1
t3_911vx3,,Maxine Waters Wants Trump Supporters To Stop Confronting Her - Big League Politics,1
t3_91bu1x,,Unlike using said security clearance to get rich leaking Intel to the media.,1
t3_91awnk,,"This week BIG r/WalkAway AMA lineup, Wayne Dupree, An0maly, Educating Liberals, and more",1
t3_919zan,,Former Marvel Director Deletes Twitter Account After Calling Out Hollywood Pedophilia Jokes,1
t3_90x7ss,,U.S. loses bid to end children's climate change lawsuit,1
t3_919nzr,,"Marvel movie star Dave Bautista is leading a campaign to defend disgraced Guardians of the Galaxy director James Gunn, and his defense is as disturbing as it is dishonest.",1
t3_90rwxp,,That‚Äôs a funny way of saying ‚ÄúMan Gets Fired From Disney for Tweeting About Raping Children.‚Äù,1
t3_911co6,,I like it when little boys touch me in my silly place. Shhh! - James Gunn,1
t3_9122nn,,"Democrats See Openings at State Level, Thanks to Trump Resistance",1
t3_917b6s,,"ANNOUNCEMENT: Introducing the 2nd AMA on r/WalkAway, the NewsNinja himself Wayne Dupree will be making his appearance this Monday Jul 23rd. Mark your calendars folks, and dont miss this opportunity at 6pm ET to ask questions and learn more about Wayne and the #WalkAway Movement!",1
t3_913ayx,,"Video: Racist violent liberal attacks Doctor Shiva, running against Elizabeth ""Fauxcahontas"" Warren.",1
t3_912eyi,,"After Putin-Trump summit, what's next for oil and gas prices? by Dr. Daniel Fine",1
t3_90u9on,,"In 2016, non-citizens from Latin American residing in the United States‚Äîlegally and illegally‚Äîsent $69 billion back to their countries of origin. Around 40 percent of all that money sent out of the United States by non-citizens ends up in Mexico.",1
t3_90otuq,,"Hey, Millennials: Socialism Creates Poverty and Limits Freedom. So Stop Romanticizing It! | Benjamin Powell",1
t3_90sf3j,,Video &amp; Article: TWELVE STATES Call for Term Limits on Congress - ‚ÄúThis is the MOST POPULAR ISSUE in America; it‚Äôs got over 80% support [from] the public. The ONLY PEOPLE who don‚Äôt like this are the entrenched political class.‚Äù,1
t3_912258,,Calling Law Enforcement Terrorists Is Proof That The Left Hates America,1
t3_90wfa2,"So i have been in nd and it is fairly republican president overall. However the seats in congress are not. Ive been looking up anti heidie stuff and would like more links. Ive covered like 3 so far. This is a HUGE chance for us to take a senate spot. She pretends to vote both ways but im looking for records of her not, since ive disagreeded with her before.",North dakota vote,1
t3_90sbri,,According to the leftists defending James Gunn these are just jokes. Which is technically true. IF you're a fucking pedophile.,1
t3_90r7da,,"Report: How Noncitizens Vote in Allegheny County, PA - Pennsylvania Continues to Hide Full Scale of Alien Voting",1
t3_90jtda,,Get em while they are hot...,1
t3_90vu0r,,"Editorial: Barack Obama is still lecturing, still clueless",1
t3_90vror,,Sweden invests millions to teach migrants how to have sex ‚Äòwith blonde women‚Äô,1
t3_90levu,,Americans Declare They're 'Not Russian Bots' After Smear Against #WalkAway Movement,1
t3_90etut,,"Since legalizing cannabis in 2012, crime clearance rates are increasing faster in Washington and Colorado than the rest of country, suggesting that legalization may free police to focus on more serious crimes.",1
t3_90luic,,"2020 Republican convention goes to Charlotte, the lonely and reluctant bidder in age of Trump",1
t3_90l8pk,,Why Identity Politics will Self Deconstruct,1
t3_90c5o7,,THE GOOD GUY WITH A GUN: TOTAL MYTH I SWEAR!,1
t3_90f29u,,Military families sue over black mold in their homes,1
t3_905q0h,,Republicans overwhelmingly back Trump's performance at Putin summit: Poll,1
t3_909tav,,Steven Crowder Confronts Journalist Over Her Unethical Reporting on Him and It Doesn't Go Well for Her,1
t3_90agha,,Journalists are such great parents that they want to send their sons to die in Crimea if it means they can stick it to Trump and Putin.,1
t3_90k1b4,,Lisa Page revealed under oath that there was no basis for Mueller's appointment,1
t3_9080um,,SPLC Finally Removes Orlando Shooter Omar Mateen From Its List of ‚ÄòTerror From the Right',1
t3_90ak2u,,The Ninth Circuit Protects Gun Rights and Stops Confiscation,1
t3_90d1mu,,Abolish the IRS and repeal the 16th amendment. H.R.25 - 113th Congress (2013-2014): Fair Tax Act of 2013 | Congress.gov | Library of Congress.,1
t3_90a7p5,,90 percent of Flint water samples at or below 6 ppb of lead,1
t3_909arr,,WATCH: Keith Ellison Claims Having National Borders Is An 'Injustice',1
t3_9073r3,,House Republicans defeat attempt to subpoena Trump interpreter,1
t3_90doco,,Glad to hear that a Clinton crony is getting immunity for doing the exact same thing as Manafort. This most definitely isn't a witchhunt. üòâ,1
t3_8zy14o,,"Puerto Rico mayor, two others arrested on corruption charges",1
t3_901mw3,,"It's time to impeach Trump, says outgoing Texas GOP lawmaker Jason Villalba",1
t3_90cksz,,"""Gay people don't have to be Democrat"" #WalkAway - Chad Felix Greene",1
t3_909ahf,,"‚ÄòI Love Peace,‚Äô Says Cafe Owner Of Protest Over Support Of Trump Immigration Policies",1
t3_909ada,,Ocasio-Cortez: Capitalism 'Won't Always Exist',1
t3_9059up,,Freedom Caucus members see openings in leadership,1
t3_908p76,,Oregon Anti-Sanctuary Initiative Qualifies for Nov Ballot | Breitbart,1
t3_9083of,,A New Jersey Democrat and Self-Proclaimed Activist Running for Office Has a History of Disservice and Organization of Violent Rallies.,1
t3_906yjk,,Dodgy anti-Trump dossier author's tale of Russian meddling clashes with Mueller findings,1
t3_909kx7,,Illegal aliens commit murder at much higher rates than all inhabitants of the U.S. ‚Äì at least 3 to 10 times higher.,1
t3_8zxljw,,Columbia Grad School Tells K-12 Teachers How To Be ‚ÄòAgents Of Social Justice‚Äô,1
t3_905sci,,House Dems unveil new midterm campaign slogan,1
t3_909a9k,,Mueller's indictment of 12 Russian intel officers slams into the law of unintended consequences,1
t3_8zruem,,"Alexandria Ocasio-Cortez Says Unemployment Is Low 'Because Everyone Has Two Jobs,' Which Is Not How Unemployment Rates Work",1
t3_9098bz,,"Remember when Obama said there were no Russian interference, election wasn't rigged, and told Trump to stop whining? Obama had to known too at the same time when Trump was told about election interference. Obama lied.",1
t3_908c5o,,Matt Drudge Weighs in on Latest New Yorker Cover: The Left Has a ‚ÄòFetish‚Äô For Trump‚Äôs Death,1
t3_9006io,,The ACLU turns its back on free speech,1
t3_9073q2,,"Senator Rand Paul on Twitter: The Cold War is over. The world has changed. It is time to rethink America‚Äôs alliances, and act in our own interests for once.",1
t3_907601,,"Rand Paul: Hillary Colluded With Russia, Not Trump",1
t3_8zupty,,When Democrat run States start accidentally respecting Federalism and the 10th Ammendment,1
t3_901y3l,,Hungary to quit U.N. migration pact shunned by Washington,1
t3_8znw0y,,Nikki Haley secures South Sudan arms embargo that eluded Obama,1
t3_8zsqnx,,"Walls Close In On Sen. Bob Menendez, Could Be Unseated By GOP Challenger",1
t3_8zmuqb,,A Punishable Disgrace,1
t3_8zvob5,,Novartis joins Pfizer in halting U.S. drug price hikes,1
t3_8zoze0,,Republican congressman introduces bill to make net neutrality law,1
t3_8zzgh9,,A new book that says child molesters are not a major peril to children is part of a larger movement within academia to promote ‚Äúfree sexual expression of children.‚Äù,1
t3_8zvfvy,,Rep. Lamar Smith: The Bias Problem Plaguing America's Social Media Platforms,1
t3_8zzs5r,,Interesting Read,1
t3_8zzl79,,INTERESTING READ,1
t3_8zlmfk,,Why Kavanaugh must be confirmed,1
t3_8zwms4,,"Mark Levin: Trump Hasn't Done A Thing To Harm America, Obama Did Nothing To Protect America From Russia",1
t3_8zaw9i,,I'm running for Senate as a Republican. My Democrat parents are so furious they're backing my opponent,1
t3_8zvkk3,,Putin Summit May Prove to Be Trump's Finest Hour,1
t3_8zsqwr,,"Poll: Americans want tough immigration reform, the wall, English spoken",1
t3_8zpwsp,,The Original Mafia (and How it Begat the New One),1
t3_8zr9g7,"Vanessa Berben AMA, this Wednesday 7/18/2018 at 8pm ET

&gt;I‚Äôve been so inspired by the #WalkAway campaign that I'm getting over my fear and adding my voice. It‚Äôs such a shame what‚Äôs happening to our country. I‚Äôve seen this quote in several places recently and it resonates with me enough to try and paraphrase it here: if your love for your country hinges on who is president, then you don‚Äôt love your country. I am so proud to be an American and have the right to sit here today and express these thoughts. I‚Äôve tried to voice my concerns but it feels like such an all or nothing argument coming from the left. To vocalize any kind of dissenting opinion that doesn't fall in lock/step with ‚Äúthe war for social justice‚Äù gets us labeled a nazi, bigot, or some other kind of racist‚Äî sometimes by our own families. So here's my contribution to this movement. From one lifelong Democrat, here to say No More. I‚Äôm nowhere near Conservative, nowhere near Republican, but I‚Äôm still breaking up with my party. No more rabid cognitive dissonance, no more exaltation of victimhood-- I‚Äôve chosen to #WalkAway. - Vanessa Berben

Vanessa Berben, My #WalkAway Story: https://www.youtube.com/watch?v=wnnBEr-7-Rk

My #WalkAway Update: Stay Strong Everyone: https://www.youtube.com/watch?v=t4tfqbxER8M","Vanessa Berben AMA, Wednesday 8pm ET! Former Bernie supporter talks leaving the Democrat party and viral #WalkAway video",1
t3_8zo4jx,,Democrat politican openly calling for a military coup.,1
t3_8zno4c,,Texas‚Äôs New Sanctuary City Bill ‚Äì ‚ÄúNo Freebies or Help For Illegals!‚Äù,1
t3_8zo0sc,,"If the Trump/Putin Press Conference Shocked You, You're Not Paying Attention",1
t3_8zohgj,,"Mexico has secure voter ID but we can't in the USA because ""racism"" (IE Democrats won't be able to cheat)",1
t3_8zkuwp,,After Contentious Debate Charlotte Moves Ahead with RNC in 6-5 Vote,1
t3_8z57w6,,A break from the recent socialism advocacy,1
t3_8zmeq1,,AP Lie Goes Around The World ‚Äî Truth Still Lacing Up Boots,1
t3_8zds2l,,The United States of Arms: American Weapons Exports from 1950 to 2017,1
t3_8zlg4t,,Trump critics predictably melt down over Helsinki summit,1
t3_8z3j5n,,US official: Russia using social media to divide Americans,1
t3_8z3jq9,,"Twitter culls fake followers, Democrats hardest hit",1
t3_8yzqp5,,New FEC filings show Elon Musk is one of the biggest donors to Republicans,1
t3_8zcu0n,,Bring out your dead,1
t3_8z3j9r,,Police Try To Take Veteran's Guns Without A Warrant. He Didn't Let Them.,1
t3_8z62vm,,"California Dems snub Sen. Dianne Feinstein for long shot rival, in 'clear-eyed rejection' of party establishment",1
t3_8z40aj,,Mexican citizen with more than 40 aliases who stole government benefits for 37 years sentenced to 37 months in federal prison,1
t3_8zb2pu,,SF Mayor: Holy Crap...There's More Feces Than I've Ever Seen In My City,1
t3_8zgi8f,,I am a Vietnam veteran. Here's why I chose to #WalkAway,1
t3_8z3jn5,,Fake History That Inspires Today‚Äôs Progressives,1
t3_8zar05,,Why the 'Resistance' in the State Department is a Gift to Trump,1
t3_8zayf7,,"Democrats Dump Moderates, Move Far Left",1
t3_8z6rpi,,Newspapers run IDENTICAL letters slamming Trump's Supreme Court pick,1
t3_8zblmb,,Check out my op-ed!,1
t3_8zatlu,,America First Doctrine Flourishes From China to Mexico to NATO,1
t3_8zakah,,Devin Nunes: Mueller indictment looks 'ridiculous' because it omitted Republicans targeted by Russia,1
t3_8z8s0t,"On November 6, 2018, Americans will go to the polls to choose their representatives in government.  Many of those elections will be for national-level seats in the US House and US Senate.

Many voters will take advantage of early voting to avoid the crowds at the polls.

In the two or three weeks before election day, we will witness a time-honored American tradition: the October surprise.

Our various Intelligence Agencies have stated that the Russians are going to try to influence the 2018 election.  This shouldn't be a shock to us - they (and their predecessor, the Soviet Union) have been meddling in US politics for the better part of a century.

Its just a lot easier now between social media and the near-complete control by the left of broadcast media, and the President who told our cybersecurity folks to stand down when he was told in 2016 that the Russians were meddling in the election wasn't a Republican.

Fortunately we've been assured over and over again by our Intelligence Agencies that the Russians' efforts in 2016 failed, and that they weren't able to change any votes.  Their influence operations were largely conducted *after* the election, to sow dissent.

It is not in the Russians' interest for the US Congress to have a large Republican Majority, especially not if it is in both chambers.

As such, keep these things in mind when the inevitable October Surprises begin to roll in against Republican candidates:

1. The entire point of an October Surprise is to get you to react emotionally to information about which the whole story is not known.  The in-depth reporting that might exonerate a candidate (especially a Republican involved in an election) might not come out for weeks or months.  The MSM would rather report the politically-convenient lie than the politically-inconvenient truth.

2. It has been demonstrated that 40 year old accusations that can't be proven make effective ""October Surprise"" material, with willing and enthusiastic participation by the leftist press.  Expect more of this.  They know it works.",Something to think about ahead of the November elections,1
t3_8z3jde,,Progressive candidates who could be the ‚Äònext Ocasio-Cortez‚Äô in primaries,1
t3_8ytxm3,,"""no indication that any American was a knowing participant in this activity, and no indication that these efforts altered the vote count in any way""",1
t3_8z7eyb,,"Sore Loser Hillary Clinton Trolls Pres. Trump on Eve of Putin Summit, Questions His Loyalty to US",1
t3_8z3jup,,ELDER: Slavery: What They Didn't Teach in My High School,1
t3_8z1a5e,,Minnesota man serving life for two murders runs for US Senate,1
t3_8ypil2,,Black conservative leaders call for censure of Maxine Waters,1
t3_8z0nyn,"Tariffs are costing the American people money. So it's time to cut taxes to offset the tariffs.

https://www.dallasnews.com/business/trade/2018/07/14/no-running-hiding-trumps-trade-war-starts-hit-texas-consumers",Time for another tax cut,1
t3_8yl1a4,,Trump blows off CNN's Jim Acosta at UK press conference,1
t3_8ykeyo,,Gun-Rights Groups Sue California Over Registration Failures That Could Result in Gun Owners Being Locked Up,1
t3_8ygyd7,,3 Dems Introduce 'Abolish Ice' Proposal. Then They Vote No.,1
t3_8ypnyp,,Here‚Äôs What You Need To Know About Mueller‚Äôs 12 Russian Indictments,1
t3_8ymrq2,,Graph showing the Nuclear Stockpile has only decreased significantly under republican presidents over the past 40 years,1
t3_8yrgml,,Immigrants find noncitizen voter registration easy,1
t3_8ypoj2,,Brits really pulled out all the stops protesting trump,1
t3_8ypnml,,Rosenstein Asks Prosecutors to Help With Kavanaugh Papers in Unusual Request,1
t3_8ypn4b,,Mitch McConnell Expects Vote on Brett Kavanaugh Before October,1
t3_8ypnrq,,"Government says parents of nearly HALF of kids younger than 5 taken at the border can't have them back because they're child abusers, kidnappers and murderers ‚Äì and others aren't actually parents",1
t3_8yo3uz,,"Antifa groups tweet threats, smears targeting GOP",1
t3_8ygu46,,Protect Yourself From Those Tired of Winning,1
t3_8yr5yn,,The Russia Investigation Is A Puzzle Designed Never To Be Solved,1
t3_8ypj6c,,5 Takeaways From The Hearing With FBI Counterintel No. 2 Peter Strzok,1
t3_8y9re3,,Grassley: ‚ÄòFive or Six‚Äô Dems Will Support Kavanaugh If GOP Gets to 50 Votes,1
t3_8yfgcu,,Red carpet rolled out for Donald Trump and Melania as Theresa May welcomes them for gala dinner on the first night of historic UK tour,1
t3_8yoho1,,10 Ways DOJ Abused Its Authority When It Spied On Trump‚Äôs Campaign,1
t3_8yp0rw,,The Obamas Gaffes With The Queen,1
t3_8yke63,,The AP: The Shadow Giant Bolstering Democrats -,1
t3_8ylqrb,,Thoughts on Judge Kavanaugh ?,1
t3_8yde6z,,Arizona Ballot Initiative Requires 50% Renewable Energy By 2030,1
t3_8yf2k3,,"The original REEEEE! Seen in 1952, triggered by learning that Eisenhower won the presidency, stopping a wave of Democrat wins going back to 1932.",1
t3_8y742k,,Dem Candidate Tedra Cobb Tells Supporters She Wants ‚ÄòAssault Rifle‚Äô Ban But ‚ÄòCannot Say That‚Äô in Public,1
t3_8y8mom,,TSA screeners win immunity from abuse claims: appeals court,1
t3_8yfhm9,,President Trump holds Theresa May's hand as he and Melania are greeted by British pomp and ceremony at spectacular gala dinner at Blenheim Palace,1
t3_8ybfq4,,Income Tax Revenues Are Up 9% As Trump's Pro-Growth Tax Cuts Kick In,1
t3_8y8x5n,,Trump vs NATO Free Riders,1
t3_8y0y6n,,Poll: Voters oppose abolishing ICE - POLITICO,1
t3_8yerc1,,"Leftist Activists in Portland Berate Black ICE Agent, Repeatedly Call Him a 'F--king N----r' (VIDEO)",1
t3_8y8db6,,"Indivisible Co-Founder: We Will 'Force' Murkowski, Collins to Be 'Deciding Vote' on Kavanaugh",1
t3_8ygylx,,A funny but true meme,1
t3_8yc3bv,,Republicans Back From Russia Have Advice for Trump Before Putin Summit,1
t3_8y7055,,Democrats push to postpone Kavanaugh confirmation until Mueller after probe ends,1
t3_8ycf46,,"Mitch McConnell Set to Cast 11,000th Vote",1
t3_8y78xc,,What Kavanaugh Was Secretly Caught Doing Hours After Trump‚Äôs Nomination Will Silence The Critics,1
t3_8xwkfh,,MAGA Hat Thief Kino Jimenez Released on $5000 Bond - Big League Politics,1
t3_8y3aly,,Rep. Black Introduces Legislation to Mandate E-Verify &amp; Strengthen Immigration Enforcement,1
t3_8y266r,,How the #WalkAway Campaign is Drowning the Blue Wave Democrats,1
t3_8y32pk,I hear a lot of the same insults thrown on both sides of the aisle and I‚Äôm making a list to see which ones are true and which ones are exaggerated and which ones are false,What do you think are some illegitimate/myths and legitimate criticisms of Republicans and Conservatives?,1
t3_8xpoq1,,Women's March Releases Statement Slamming Trump's SCOTUS Nominee Without Replacing Placeholder Text,1
t3_8y5knf,,ghosting employers,1
t3_8y0p73,,"Democrats Don‚Äôt Fear Brett Kavanaugh, They Fear The Constitution",1
t3_8y3h5z,,NRCC Names 18 Likely New Members to Young Guns ‚ÄòVanguards‚Äô Program,1
t3_8y2zw1,,NATO pledges to boost defense spending after stern words from Trump,1
t3_8xp9oc,,Trump And GOP Win-Win With Supreme Court Nominee Kavanaugh,1
t3_8xzuq0,,Why Former Sen. Jon Kyl Got Tapped to Guide Brett Kavanaugh,1
t3_8xrvzb,,"Owner of infamous 'F--- TRUMP' truck arrested, wife reacts on social media",1
t3_8xwedl,,Oberlin College Faces 'Negative' Rating by Credit Agencies Due to 'Declining Enrollment' | Breitbart,1
t3_8xt90a,,Liberals Are Furious Over the Nomination of [Insert Name Here] to Supreme Court,1
t3_8xy9t5,,Party Lines ‚Äì StoneToss web comic,1
t3_8xj0g7,,"Trump Picks Brett Kavanaugh, Conservative Stalwart on DC Circuit, for Supreme Court",1
t3_8xohdt,,Judge Brett Kavanaugh‚Äôs Impeccable Record of Constitutional Conservatism,1
t3_8xt12y,,McConnell Gets Personal Discussing Polio,1
t3_8xbd64,,Let‚Äôs Be Honest: Mexico Is A Bad Neighbor,1
t3_8xsqxx,"I'm an immigrant, I'm soon to be an American and I would most definitely associate with the Republican party's platform. Why are we having such a hard time bringing people in that are not white? There's nothing with people who are white, I could care less about the color of skin, but it's of utmost importance that the party grows and with a declining white population, we will be in the minority. Are there ways for us to be more inclusive without compromising our ideals of freedom, isn't it best to be outright libertarians?

Keep it civil if you're responding, I'm in no way trying to attack any particular group of people.",Diversity...,1
t3_8xpbrr,,Let‚Äôs just throw random money at people! Coming from a formerly bankrupt city.,1
t3_8xb9xn,,Democrats Don‚Äôt Actually Know What Abolishing ICE Looks Like,1
t3_8xqfr8,The sub is in support of the #WalkAway movement and is assisting in leading Dems that are tired of the violent and bigoted nature currently in their party to Walk Away. I think it's very positive for us on the Right to welcome them and let them know we appreciate them making the morally correct choice. Join here - https://www.reddit.com/r/walkaway/,Come and Subscribe and Support Those That Have Seen The Light And Are Ready To #WalkAway From The lunatic Left at r/WalkAway.,1
t3_8xhfmh,,There‚Äôs No Evidence Nevada Democratic Senate Candidate‚Äôs Touted Business Ever Existed,1
t3_8x6lid,,Supreme Court Fallout: Calif. Teachers Sue Unions to Recoup Unconstitutional 'Agency Fees',1
t3_8xj1j4,,DC Requires People To Buy Health Insurance Or Have Property Seized,1
t3_8xf2qh,,Rick Scott Outpaces Nelson in Florida Senate Campaign Fundraising,1
t3_8xhuuf,,Trump nominates Alex Jones for SCOTUS: satire,1
t3_8x149m,,White Nationalists KICKED OUT of Louisville Rally by TRUMP SUPPORTERS and PROUD BOYS (VIDEO),1
t3_8xcq29,,"If Kim Cheats, Who Tells Trump?",1
t3_8xhffw,,"Sisolak, Democrats declare war on Catholic Church-supported ministry",1
t3_8xci6u,,Conservative Caucus Chairman to Senate: Get Moving on Sanctuary City Bills,1
t3_8xe3si,,"Chris Coons, Dick Durbin, and the Democrats' latest hypocrisy over the Supreme Court - ""Now that Trump is president, unfilled Supreme Court seats are great again.""",1
t3_8xd324,,Former BLM Activist Exposes Left‚Äôs Exploitation of the Movement,1
t3_8xcwbg,,American Manufacturing Business Owner: 'Thank You Mr. President' for 'Enough is Enough' Attitude on Trade,1
t3_8xc4g1,,VIDEO: Students hate Trump‚Äôs SCOTUS pick‚Ä¶ before he made it,1
t3_8x6w1m,,Democrats‚Äô 2018 Slogan Is A Godsend For Republicans,1
t3_8xbfxh,,The Democrats‚Äô Dropping Mask: Now They Aim to End Free Speech,1
t3_8xbfsu,,"Listen: Idaho GOP Rep. Receives Threatening Voicemails, Emails Because of This Facebook Post",1
t3_8wvw0s,,UNREAL: Watch Liberals Protest ICE As The Agency Breaks Up A Child Sex-Trafficking Ring,1
t3_8x3ghu,,Man threatened to kill Trump supporters at congressman‚Äôs campaign office on Long Island: police - NY Daily News,1
t3_8x47xl,,Ex-Muslim Christian Woman from Iran Facing Death Threats for Evangelizing Muslims in Sweden,1
t3_8x43x5,,Wait‚ÄìHow Many Immigrants Are On Welfare Again?,1
t3_8x005n,,"America belongs to no one but Americans. It does not belong to the foreign masses of the world and it does not belong to the Left who, having rejected the American way, cannot count themselves among its patriots.",1
t3_8wvwpu,,CNN Commentator Condones Assault On 16-Year-Old Teen In MAGA Hat,1
t3_8x3c7n,,"The Facts: 48,000 Assaults Attributed to Illegals in 2017",1
t3_8wvv6j,,The Associated Press Reported That Trump Was Tossing Immigrants From The Military. That‚Äôs Not The Whole Story.,1
t3_8wvq99,,Man Gives His Excuse For Stealing Teen‚Äôs MAGA Hat ‚Äì Cap Same As KKK Hood,1
t3_8wsgkz,,Colorado journalist says she was detained for taking photos,1
t3_8wxzey,,Protesters confront McConnell leaving Kentucky restaurant,1
t3_8wvwm0,,"Antifa Website Publishes Home Address of Pittsburgh Judge, Masked Leftists Invade His Suburban Neighborhood Scaring Children",1
t3_8x31tv,,"""NeverTrump"" Conservatism Has Passed Its Sell-By Date",1
t3_8wvm75,,Man Arrested For Threatening To Kill Supporters Of Trump And New York Congressman,1
t3_8wxtgg,,Survey: What is your opinion on Theodore Roosevelt's policies and political stance?,1
t3_8wvvkt,,Elizabeth Warren Just Lied About Why Kids at the Border Are Being Given DNA Tests,1
t3_8wpyud,,"When The Left Uses Civility As A Weapon, Drop It And Fight Back",1
t3_8wu3nw,,Life comes at you fast. He even tried shaving his beard to hide his identity - guess that didn‚Äôt work.,1
t3_8wwfm9,,Nunes calls for House probe of 42 Obama-era anti-Trump activists,1
t3_8wxdwp,,Mueller's Team Stuffed With Democrats,1
t3_8wfw3t,,Contrast,1
t3_8wgpsc,,While we are at it....,1
t3_8wk6fl,,"Klavan: Do Democrats Really Love America, Or Just What They Want It To Become?",1
t3_8wes5f,,"Liberal ""Writer"" Burns the Flag on July the 4th.",1
t3_8wbb6f,,"Your Children Are Yours, Not The State‚Äôs",1
t3_8wacco,,Connecticut does not Believe Self-defense is a human right,1
t3_8wgdr8,,Scott Pruitt Resigns From The EPA Amid Ethics Scandals,1
t3_8wk8rt,,Star Parker: The demagoguery of NY's Alexandria Ocasio-Cortez,1
t3_8wi7gh,,Trump orders flags flown at half-staff to honor Capital Gazette victims,1
t3_8wo739,,How to Get Rid of the American Deep State,1
t3_8wjxwo,,Candace Owens: There Will Be a 'Major Black Exit' From the Democratic Party,1
t3_9d6qj7,,An Unconscionable Display Of Mockery In The Senate,1
t3_9dbw65,,Alex Jones Heckles Marco Rubio During Interview (gotta admit Rubio handled himself well and made Jones seem like an the loon he is),1
t3_9d13xb,,"The left is accusing Zina Bash, a Mexican-American Jewish woman, of being a white supremacist.",1
t3_9dbuup,,U.S. Factory Sector Clocks Strongest Growth in 14 Years - WSJ,1
t3_9dc607,,"""Massive Drop in US Jewish College Students' Support for Israel""",1
t3_9dc2h8,,Three Texas Doctors: We Saw Protesters Paid In Cash To Disrupt Brett Kavanaugh Hearing On Line To Enter,1
t3_9d3pog,,Leftists Accuse The Woman Sitting Behind Brett Kavanaugh Of Giving A White Power Symbol. Just One Problem.,1
t3_9dc3ud,,Study suggests declining support for Israel among young Evangelicals,1
t3_9d6u1c,,Rep. Brian Mast says he won't endorse Rick Scott's campaign yet over algae,1
t3_9dbpvs,,Robert Mueller Agrees To Accept Written Answers From Trump,1
t3_9d1jbg,,CHAOS ERUPTS: Kavanaugh's Young Daughters Rushed Out of Hearing As Leftist Protesters Take Things Too Far - the thug left,1
t3_9damj1,,"Homeless people in California, Western states cannot be prosecuted for sleeping outside if shelter access is lacking, court rules",1
t3_9cw1lx,,"Corporate Suicide Watch, Nike Edition",1
t3_9cxwm7,,Facebook Confessed PragerU Hit by Ideological Censorship,1
t3_9d7rca,,"VIDEO: Alex Jones calls Marco Rubio a ""frat boy"", Rubio responds by saying he will ""take care of [Jones] himself""",1
t3_9d7c2h,,When ‚Äúresist‚Äù is all you have left,1
t3_9d5coi,,NH GOP State Rep. Candidate Starts Accepting Bitcoins as Donations - A First?,1
t3_9d7svh,,Kill your Nike products or give them to the homeless so that Nike becomes associated with bums and people who duce in the street,1
t3_9d00i9,,Dick Durbin Admits: Democrats Plotted to Disrupt Brett Kavanaugh Supreme Court Hearing,1
t3_9cxjbl,,Former Senator Jon Kyl appointed to take McCain's senate Seat,1
t3_9cordf,,"How Socialism Rots The Soul, The Culture And The Country",1
t3_9cyxup,,Attend Rand Paul‚Äôs Rally for Eric Brakey‚Äôs US Senate Bid,1
t3_9czas1,,"One in 10 VA jobs is unfilled, leaving gaps in veterans services",1
t3_9d0vte,,Jon Kyl to replace John McCain: 3 things to know about the former Arizona senator,1
t3_9cwxmr,,An argument for supporting free market solutions to global warming (Part 1),1
t3_9cykau,,"Jon Kyl, Appointed as Replacement for John McCain in the Senate, Has a 100% Voting Record Rating from the National Right to Life Committee",1
t3_9cx9tl,,New report on california gas tax. How do we compare?,1
t3_9cw5f6,,Brett Kavanaugh: 'I am a pro-law judge',1
t3_9cw1xk,,Is Maine's Senate Seat Now in Play For Republicans?,1
t3_9cyshp,,Educating Chris Cuomo On The Evil That Is Antifa,1
t3_9cm4dd,,"Florida primary 2018: A look at Central Florida candidates, issues",1
t3_9cg4z7,,POOF HE‚ÄôS GONE! MSNBC and ABC crop out Louis Farrakhan from Aretha Franklin funeral photo,1
t3_9cqqz2,,The Senate‚Äôs Unremembered Ex-POW,1
t3_9crrs7,"Hello! My name is James and I am conducting a research study as part of my Ph.D. program at the University of Missouri-Kansas City in Counseling Psychology. I am looking at job identity and satisfaction for those who began working after high school without attending college. I would really appreciate (a) your participation in it, or (b) you sending it on to those who meet the criteria to participate. To qualify for the study, there are three requirements: (1) be ages 18-30, (2) be currently working, and (3) have never attended a college or university. It takes **10-15 minutes** to complete.

If you participate, you can also enter your email address separately into a raffle for **one of six $15 Amazon gift cards**. Thanks for your help in this! Here's the link for the study:

[https://survey.az1.qualtrics.com/jfe/form/SV\_cHlNaNhJ7XEPQxf](https://survey.az1.qualtrics.com/jfe/form/SV_cHlNaNhJ7XEPQxf)",UMKC Research Project-Job Satisfaction,1
t3_9cnuwv,,"John McCain's marriage was like a Hallmark Channel movie where he got married before deployment,and his wife worried about his health &amp; safety while he was a POW.",1
t3_9cnit4,,Neocons and liberals hate Trump because he has provided patriots a conduit through which they can channel their cultural resurgence. Trump has provided a platform upon which patriots can stand against the seemingly inexorable march of ‚Äúprogress‚Äù and the elites.,1
t3_9cb9dk,,Pentagon cancels aid to Pakistan over record on militants,1
t3_9cfpt9,,Here Are Horrifying Things From The New Mexico Terrorist Compound,1
t3_9cgubr,,New research debunks ‚Äòcherry-picked‚Äô pro-gun control study the mainstream media routinely cite,1
t3_9c8ayn,,Previously Regarded ‚ÄúSafe‚Äù Maine US Senate Seat ‚ÄúIn Play‚Äù for Republican Eric Brakey,1
t3_9c8ljb,,Venezuelan Dollars To Be Used As Straw Substitute In Seattle,1
t3_9civ78,,"Pirro: Trump Was 'Framed' by Mueller, Weissmann | Breitbart",1
t3_9ce42w,,How the 'Uber Eats' Mentality Pushes Millennials Toward Socialism,1
t3_9bykxd,,Trump Kept His Promise: America's Courts Are Turning Conservative,1
t3_9c6gdx,"I often find myself in this situation whenever I talk to my friends, but I don't have any rebuttal to offer. I know it's simply not true.

Carol Swains presentation on the PragerU YouTube channel is extremely informative, but I know there has to be more information on why people think this way.

I live in California, so it's no surprise that I'm surrounded by Liberals everywhere and especially at my University.

Was hoping someone can tell me why the left thinks this way. Something more descriptive than, ""because they're dumb."" It would be pretty helpful! :) ","""Republicans changed in the 1950s, they are the real racists."" - My Liberal Friends",1
t3_9bsmge,,Government accuses Harvard of 'outright racial balancing',1
t3_9bx97f,,Voters will decide whether to expand Medicaid in these red states,1
t3_9boyhw,,Massachusetts Republican beats trans driver‚Äôs license bill by forcing votes on all 73 genders,1
t3_9c2dre,,Ted Cruz was right.,1
t3_9buunz,,"SOM - MPSC decides final Credit A tax impact case, saving customers of 10 Michigan utilities $379.5 million",1
t3_9bjyxc,,California Democrats Outraged As In-N-Out Burger Donates To GOP,1
t3_9bqva1,,Dem rep warns immigration officers following 'illegal' Trump orders: 'You will not be safe',1
t3_9bqv4l,,SHOCK REPORT: Pope Francis Dismissed High-Ranking Cardinal For Imposing A 'Zero Tolerance' Policy On Sexually Abusing Prelates,1
t3_9brbfq,,EU Trade Commissioner gives ground: We're willing to drop auto tariffs to zero (if the US will do the same),1
t3_9bqrer,,Journalistic Malpractice from the washington post? After the recent outrage...State Department Refutes WaPo Story- Passports To Citizens Denied More Under Obama Than Trump,1
t3_9bkoah,,"HC: Except he literally wasn't being racist, contrary to what the media and liberals want you to believe.",1
t3_9bpt7f,,So now the ‚ÄúM‚Äù word is off limits!?!?,1
t3_9bqv25,,John Lott Jr.: Adam Lankford ‚Äòbotched‚Äô study claiming U.S. accounts for one-third of mass shootings,1
t3_9bsfjx,,Orrin Hatch Calls for Federal Trade Commission Investigation Into Google,1
t3_9bgcs7,,CNN Analyst: Trump Attacking Antifa Because It‚Äôs ‚ÄòWidely Perceived As ‚ÄòAfrican-American‚Äô Organization - BB4SP,1
t3_9bu994,,Police reports detail Beto O‚ÄôRourke‚Äôs 1998 DWI arrest,1
t3_9bqr6n,"Hello, I am relatively new to Reddit.
I've been looking for a possibility to debate someone from the left side of the isle on internet, mostly because I acknowledge my weak understanding of politics and desire to change the situation.
I found few people, and I pm them. Some of them were open to share their views but very soon shut themselves up after my contr-arguments.

Every time I write about politics somewhere I get downvoted very hard, presumably by bots, but also by lefties.
But they never want to have a civil debate - get very offensive sometimes.

If you recommend me to find one in real life, then - where? 

But I want to use reddit avatar for right now, just to get more experience and make sure I understand politics well enough to not be afraid to open my mouth in public.

",Where to debate lefties?,1
t3_9bqvd1,,Cruz Triggers Standing Ovation After This Confrontation With O'Rourke Supporter,1
t3_9bmqgn,"I just need a breath of fresh air from the people that think the same way I do. I comment on one post with me hinting at my political beliefs slightly and suddenly I am swarmed with downvotes, If you don't believe me check my post history.",I'm so hated on reddit by so many users just because i'm republican,1
t3_9bmga7,"[https://www.youtube.com/watch?v=X9rTbh4a57o](https://www.youtube.com/watch?v=X9rTbh4a57o)

[https://www.youtube.com/watch?v=6\_GYLxe3Vuk](https://www.youtube.com/watch?v=6_GYLxe3Vuk)

[https://www.youtube.com/watch?v=7dCsEXeYM3E](https://www.youtube.com/watch?v=7dCsEXeYM3E)

&amp;#x200B;

 

Bonus new age debunk list

[https://www.youtube.com/watch?v=6dVOrJ-c7\_s&amp;list=PLHLnw5-2vMBRvibTnTI89CaPt6M-WI0R4](https://www.youtube.com/watch?v=6dVOrJ-c7_s&amp;list=PLHLnw5-2vMBRvibTnTI89CaPt6M-WI0R4)",3 brilliant take-downs of the left's defense of islam.,1
t3_9bm6g8,,Florida Democratic activists love Andrew Gillum. They seem oblivious to the investigation.,1
t3_9bmrm6,,Trump Supporter Gets Attacked by ... Peaceful Liberal !!!... Crazy how Liberals/Democrats ALWAYS Result2 Violence,1
t3_9bk1w0,,When you have Trump derangement syndrome,1
t3_9besll,"Dropping all the charges on 3 of the 5 adults at the New Mexico compound. 

&amp;#x200B;

This whole case is damn scary, the fact the camp happened in the first place, the destruction of the compound so quickly, the bail, and now this. Reason number 1776 why I conceal carry. 

&amp;#x200B;

[https://www.dailywire.com/news/35213/breaking-judge-drops-all-charges-against-3-ryan-saavedra](https://www.dailywire.com/news/35213/breaking-judge-drops-all-charges-against-3-ryan-saavedra)",This honestly scares the shit out of me,1
